City_ID,City,Country,Lat,Lng,Max Temp,Humidity,Cloudiness,Wind Speed,Current Description
0,Mataura,NZ,-46.1927,168.8643,61.48,48,12,2.86,few clouds
1,Half Moon Bay,US,37.4636,-122.4286,63.91,63,0,13.8,clear sky
2,Moose Factory,CA,51.2585,-80.6094,19.4,73,0,4.61,clear sky
3,Kargasok,RU,59.0556,80.8572,26.37,76,53,9.84,broken clouds
4,Busselton,AU,-33.65,115.3333,61.97,61,91,3.78,overcast clouds
5,Lebu,CL,-37.6167,-73.65,52.61,91,18,7.83,few clouds
6,Brigantine,US,39.4101,-74.3646,48.02,50,0,4.61,clear sky
7,Vaini,TO,-21.2,-175.2,86.16,79,75,6.91,broken clouds
8,Naze,JP,28.3667,129.4833,70.72,58,32,7.81,scattered clouds
9,Punta Arenas,CL,-53.15,-70.9167,44.71,81,75,12.66,broken clouds
10,Avarua,CK,-21.2078,-159.775,80.65,74,100,4.61,overcast clouds
11,Bredasdorp,ZA,-34.5322,20.0403,60.39,91,100,4.03,overcast clouds
12,Honiara,SB,-9.4333,159.95,86.11,68,51,8.21,broken clouds
13,Beloha,MG,-25.1667,45.05,72.79,90,100,10.54,overcast clouds
14,Naduvattam,IN,11.4833,76.5667,55.44,87,1,1.81,clear sky
15,Vanavara,RU,60.34,102.2797,35.4,77,100,11.99,overcast clouds
16,Saskylakh,RU,71.9167,114.0833,28.8,96,100,11.03,light snow
17,Kapaa,US,22.0752,-159.319,80.58,80,40,18.41,scattered clouds
18,Vilhena,BR,-12.7406,-60.1458,68.04,95,33,3.22,scattered clouds
19,Tromso,NO,69.6496,18.957,42.82,75,100,14.97,light rain
20,Mar Del Plata,AR,-38.0023,-57.5575,64.09,90,0,11.99,clear sky
21,Albany,US,42.6001,-73.9662,40.64,63,7,7.16,clear sky
22,Coxim,BR,-18.5067,-54.76,67.89,46,0,3.67,clear sky
23,Takoradi,GH,4.8845,-1.7554,79.23,86,100,6.87,light rain
24,Kamaishi,JP,39.2667,141.8833,55.18,55,100,11.41,overcast clouds
25,Hermanus,ZA,-34.4187,19.2345,61.81,81,100,13.44,overcast clouds
26,Yellowknife,CA,62.456,-114.3525,19.92,49,20,12.66,few clouds
27,Kavieng,PG,-2.5744,150.7967,85.71,65,30,14.0,scattered clouds
28,Qasigiannguit,GL,68.8193,-51.1922,16.05,91,100,6.8,overcast clouds
29,Divo,CI,5.8397,-5.36,71.87,97,92,2.13,overcast clouds
30,Vila Velha,BR,-20.3297,-40.2925,75.15,81,40,11.5,scattered clouds
31,Mahebourg,MU,-20.4081,57.7,77.29,94,75,5.75,shower rain
32,Jamestown,US,42.097,-79.2353,35.24,49,0,5.75,clear sky
33,Deori Khas,IN,23.4,79.0167,82.94,19,5,4.63,clear sky
34,Rikitea,PF,-23.1203,-134.9692,78.48,63,2,10.67,clear sky
35,Portland,US,45.5234,-122.6762,58.08,49,100,10.36,overcast clouds
36,Thompson,CA,55.7435,-97.8558,32.16,32,75,2.3,broken clouds
37,Lompoc,US,34.6391,-120.4579,66.56,70,0,23.0,clear sky
38,Gornozavodsk,RU,58.3758,58.3211,18.97,96,7,2.86,clear sky
39,Meulaboh,ID,4.1363,96.1285,79.54,86,100,2.93,overcast clouds
40,Heze,CN,35.2431,115.4411,63.97,42,2,9.01,clear sky
41,Ust-Maya,RU,60.4167,134.5333,32.2,68,6,7.27,clear sky
42,Pechenga,RU,69.5259,31.1703,36.63,99,100,5.55,overcast clouds
43,Bengkulu,ID,-3.8004,102.2655,78.87,87,65,3.85,broken clouds
44,Bowen,AU,-20.0167,148.2333,80.55,58,3,14.58,clear sky
45,Shu,KZ,43.5983,73.7614,58.37,49,42,6.38,scattered clouds
46,Nikolskoye,RU,59.7035,30.7861,39.7,75,100,3.06,overcast clouds
47,Dzaoudzi,YT,-12.7887,45.2699,78.69,89,0,4.61,clear sky
48,Freeport,US,40.6576,-73.5832,47.01,43,0,13.8,clear sky
49,Tasiilaq,GL,65.6145,-37.6368,32.13,95,100,8.55,overcast clouds
50,Loa Janan,ID,-0.583,117.095,84.02,72,80,3.87,broken clouds
51,Ushuaia,AR,-54.8,-68.3,46.06,93,100,10.36,light rain
52,Hilo,US,19.7297,-155.09,77.29,95,100,5.75,moderate rain
53,Port Elizabeth,ZA,-33.918,25.5701,63.32,99,75,10.36,broken clouds
54,Sosnovo-Ozerskoye,RU,52.5249,111.5418,45.27,65,100,12.1,overcast clouds
55,Husavik,IS,66.0449,-17.3389,38.66,98,100,4.38,light rain
56,Rondonopolis,BR,-16.4708,-54.6356,68.95,66,91,4.38,overcast clouds
57,Coquimbo,CL,-29.9533,-71.3436,55.13,94,75,5.75,broken clouds
58,Bend,US,44.0582,-121.3153,50.25,43,0,3.44,clear sky
59,Okhotsk,RU,59.3833,143.3,25.9,80,99,3.33,overcast clouds
60,Bluff,NZ,-46.6,168.3333,61.81,63,50,4.09,scattered clouds
61,Barrow,US,71.2906,-156.7887,8.62,72,0,8.05,clear sky
62,Sirohi,IN,24.8833,72.8667,74.89,59,5,5.73,clear sky
63,Lavrentiya,RU,65.5833,-171.0,31.64,97,100,14.56,snow
64,Dauphin,CA,51.1494,-100.0502,24.94,68,100,0.0,overcast clouds
65,New Norfolk,AU,-42.7826,147.0587,58.87,53,100,1.99,overcast clouds
66,Mandalgovi,MN,45.7625,106.2708,43.92,32,0,13.09,clear sky
67,Phek,IN,25.6667,94.5,61.11,60,0,1.12,clear sky
68,Arraial Do Cabo,BR,-22.9661,-42.0278,72.88,69,0,8.81,clear sky
69,Port Hedland,AU,-20.3167,118.5667,89.65,25,13,21.85,few clouds
70,Tortoli,IT,39.9256,9.6572,51.62,54,0,13.8,clear sky
71,Nanortalik,GL,60.1432,-45.2371,29.41,89,45,9.91,scattered clouds
72,Kodiak,US,57.79,-152.4072,40.51,65,100,13.8,overcast clouds
73,Shahreza,IR,32.0339,51.8794,48.31,32,0,1.23,clear sky
74,Chicama,PE,-7.8447,-79.1469,61.34,80,17,9.35,few clouds
75,Kamenka,RU,51.3223,42.7678,48.9,87,100,7.31,overcast clouds
76,Hobart,AU,-42.8794,147.3294,58.26,78,75,5.75,broken clouds
77,Zeya,RU,53.75,127.2667,39.2,43,100,7.43,overcast clouds
78,Atuona,PF,-9.8,-139.0333,79.57,80,8,17.69,clear sky
79,Waipawa,NZ,-41.4122,175.5153,59.88,63,56,13.49,broken clouds
80,Lasa,IT,46.6166,10.7002,43.68,72,3,2.86,clear sky
81,Ribeira Grande,PT,38.5167,-28.7,58.03,69,98,20.02,overcast clouds
82,Pisco,PE,-13.7,-76.2167,65.01,82,0,14.97,clear sky
83,Coracao De Jesus,BR,-16.6853,-44.365,67.12,82,100,8.08,overcast clouds
84,Komsomolskiy,UZ,40.4272,71.7189,61.52,48,32,6.91,scattered clouds
85,Pevek,RU,69.7008,170.3133,10.94,84,29,2.15,scattered clouds
86,Norman Wells,CA,65.282,-126.8329,24.84,30,20,6.91,few clouds
87,Cidreira,BR,-30.1811,-50.2056,67.55,73,65,11.83,broken clouds
88,Kaitangata,NZ,-46.2817,169.8464,58.48,56,10,3.53,clear sky
89,Saint-Philippe,RE,-21.3585,55.7679,74.79,88,14,9.37,light rain
90,Waseca,US,44.0777,-93.5074,33.69,93,100,9.69,light snow
91,Aklavik,CA,68.2191,-135.0107,21.02,81,99,12.08,overcast clouds
92,Seaford,GB,50.7714,0.1027,52.36,87,0,7.0,clear sky
93,Severo-Kurilsk,RU,50.6789,156.125,32.27,80,100,6.49,overcast clouds
94,Puerto Escondido,MX,15.85,-97.0667,83.23,65,0,9.22,clear sky
95,Elizabeth City,US,36.2946,-76.2511,53.62,77,0,11.5,clear sky
96,Manta,EC,-0.95,-80.7333,78.58,78,40,11.5,scattered clouds
97,Huty,UA,50.1332,35.3439,38.66,86,100,5.01,overcast clouds
98,Rio Gallegos,AR,-51.6226,-69.2181,46.45,87,100,9.22,light rain
99,Puerto Baquerizo Moreno,EC,-0.9,-89.6,74.01,94,100,7.38,light rain
100,Urumqi,CN,43.801,87.6005,63.55,9,0,4.47,clear sky
101,Constitucion,CL,-35.3333,-72.4167,51.31,94,54,7.61,broken clouds
102,Rize,TR,40.9044,40.8949,44.04,42,100,13.2,overcast clouds
103,Longyearbyen,SJ,78.2186,15.6401,21.04,79,75,11.5,light snow
104,Tuktoyaktuk,CA,69.4541,-133.0374,19.4,63,100,9.22,overcast clouds
105,Shalinskoye,RU,55.7228,93.7594,47.44,83,100,9.78,light rain
106,Georgetown,MY,5.4112,100.3354,84.13,92,20,4.61,thunderstorm
107,Bambous Virieux,MU,-20.3428,57.7575,77.25,94,75,5.75,shower rain
108,Ulaangom,MN,49.9811,92.0667,46.62,30,99,3.09,overcast clouds
109,Aksu,CN,41.1231,80.2644,55.92,17,3,5.19,clear sky
110,Saryagash,KZ,41.4511,69.1701,60.76,41,100,3.74,overcast clouds
111,Saint George,US,37.1041,-113.5841,82.63,11,0,11.5,clear sky
112,Myaundzha,RU,63.0494,147.1858,14.14,82,100,2.66,overcast clouds
113,Safaga,EG,26.7292,33.9365,76.96,49,100,4.36,overcast clouds
114,Chokurdakh,RU,70.6333,147.9167,12.7,89,44,4.79,scattered clouds
115,Chenzhou,CN,25.8,113.0333,51.51,97,100,2.19,overcast clouds
116,Port-Gentil,GA,-0.7193,8.7815,80.33,84,100,8.5,moderate rain
117,Novoagansk,RU,61.9449,76.6625,14.43,96,99,5.12,overcast clouds
118,Ous,RU,60.9058,61.5186,19.76,92,13,4.85,few clouds
119,Esperance,AU,-33.8667,121.9,62.98,59,67,7.99,broken clouds
120,Namibe,AO,-15.1961,12.1522,72.5,78,59,4.45,broken clouds
121,Baglung,NP,28.2719,83.5898,69.01,28,10,5.77,clear sky
122,Neuenhagen,DE,52.5299,13.6891,45.77,79,79,5.39,broken clouds
123,Rockport,US,28.0206,-97.0544,77.04,91,100,11.5,overcast clouds
124,Saldanha,ZA,-33.0117,17.9442,55.45,79,24,10.36,few clouds
125,Palmer,US,42.1584,-72.3287,40.6,61,20,5.75,few clouds
126,East London,ZA,-33.0153,27.9116,64.36,84,0,11.39,clear sky
127,Qaanaaq,GL,77.484,-69.3632,-19.75,73,0,5.75,clear sky
128,Luganville,VU,-15.5333,167.1667,86.18,64,34,5.39,scattered clouds
129,Laguna,US,38.421,-121.4238,73.45,29,0,11.5,clear sky
130,Dawson,US,31.7735,-84.4466,69.22,88,81,4.36,broken clouds
131,Kieta,PG,-6.2167,155.6333,82.8,75,83,2.75,light rain
132,Kashiwazaki,JP,37.3667,138.55,66.88,59,100,0.29,overcast clouds
133,Cape Town,ZA,-33.9258,18.4232,63.01,78,0,20.71,clear sky
134,Airai,TL,-8.9266,125.4092,71.89,64,100,1.63,overcast clouds
135,Faanui,PF,-16.4833,-151.75,81.07,72,5,9.17,light rain
136,Aketi,CD,2.7388,23.7833,70.57,98,100,2.19,light rain
137,Caravelas,BR,-17.7125,-39.2481,78.03,63,100,10.63,overcast clouds
138,Port Lincoln,AU,-34.7333,135.8667,62.92,64,100,8.88,overcast clouds
139,Port Alfred,ZA,-33.5906,26.891,60.19,93,6,1.99,clear sky
140,Khatanga,RU,71.9667,102.5,7.09,95,93,13.2,overcast clouds
141,Ballaghaderreen,IE,53.9,-8.5833,43.83,95,24,5.84,few clouds
142,Toora-Khem,RU,52.4675,96.11,41.88,72,100,1.83,overcast clouds
143,Hamilton,US,39.1834,-84.5333,47.25,54,0,12.66,clear sky
144,Bull Savanna,JM,17.8868,-77.5902,74.57,79,0,7.14,clear sky
145,Bathsheba,BB,13.2167,-59.5167,79.41,73,40,14.97,scattered clouds
146,San Patricio,US,28.017,-97.5169,80.69,76,18,8.79,few clouds
147,Cuencame,MX,24.8711,-103.6964,84.09,8,94,13.94,overcast clouds
148,Guozhen,CN,34.3659,107.359,58.15,35,92,4.32,overcast clouds
149,Katsuura,JP,35.1333,140.3,62.83,67,100,10.74,overcast clouds
150,Tiksi,RU,71.6872,128.8694,3.81,97,94,4.45,overcast clouds
151,Doha,QA,25.2867,51.5333,78.78,26,0,10.36,clear sky
152,Dikson,RU,73.5069,80.5464,-3.59,100,100,3.2,overcast clouds
153,Pereleshino,RU,51.7376,40.1388,42.91,94,100,9.91,overcast clouds
154,Olafsvik,IS,64.8945,-23.7142,42.17,70,100,10.74,overcast clouds
155,Cabo San Lucas,MX,22.8909,-109.9124,87.1,32,40,9.22,scattered clouds
156,La Macarena,CO,2.1837,-73.7849,70.77,97,100,2.42,overcast clouds
157,Teo,ES,42.75,-8.5,56.17,84,100,8.05,overcast clouds
158,Kalmunai,LK,7.4167,81.8167,78.75,86,66,4.7,broken clouds
159,Beringovskiy,RU,63.05,179.3167,31.28,97,100,9.48,light snow
160,Lata,PT,40.1629,-8.3327,58.82,98,40,1.39,scattered clouds
161,Brownsville,US,25.9018,-97.4975,80.1,81,75,13.8,broken clouds
162,Colomi,BO,-17.35,-65.8667,50.02,85,42,3.09,scattered clouds
163,Taltal,CL,-25.4,-70.4833,62.2,79,1,5.86,clear sky
164,Menongue,AO,-14.6585,17.691,61.38,96,17,3.53,few clouds
165,Bobota,RO,47.3833,22.7667,29.48,71,9,2.24,clear sky
166,Zunyi,CN,27.6867,106.9072,49.62,89,100,3.53,overcast clouds
167,Firminy,FR,45.3873,4.2907,37.9,87,0,3.44,clear sky
168,Namatanai,PG,-3.6667,152.4333,86.04,63,95,11.25,overcast clouds
169,Bethel,US,41.3712,-73.414,43.11,52,0,4.0,clear sky
170,Sitka,US,57.0531,-135.33,46.29,53,75,5.75,broken clouds
171,Hervey Bay,AU,-25.2986,152.8535,75.34,56,51,9.26,broken clouds
172,Qitaihe,CN,45.8,130.85,46.42,30,0,8.3,clear sky
173,Eyl,SO,7.9803,49.8164,81.03,82,35,8.1,scattered clouds
174,La Rioja,ES,42.25,-2.5,42.58,72,100,3.76,overcast clouds
175,Fairbanks,US,64.8378,-147.7164,41.09,26,0,6.91,clear sky
176,Souillac,MU,-20.5167,57.5167,77.38,94,75,5.75,shower rain
177,Tatarani,RO,45.0,25.2667,38.48,99,100,4.59,overcast clouds
178,Comrie,GB,56.3791,-3.9949,51.28,94,100,5.84,overcast clouds
179,Kez,RU,57.8979,53.7152,26.56,87,100,6.04,overcast clouds
180,Henties Bay,NA,-22.116,14.2845,61.59,78,7,4.12,clear sky
181,Deputatskiy,RU,69.3,139.9,8.26,92,95,3.94,overcast clouds
182,Indramayu,ID,-6.3264,108.32,82.38,79,51,4.29,moderate rain
183,Ilulissat,GL,69.2167,-51.1,15.82,73,75,4.61,light shower snow
184,Umm Kaddadah,SD,13.6017,26.6876,83.97,11,2,8.72,clear sky
185,General Pico,AR,-35.6566,-63.7568,57.36,60,0,8.7,clear sky
186,Ngunguru,NZ,-35.6167,174.5,66.47,93,100,23.58,light rain
187,Nantucket,US,41.2835,-70.0995,44.71,57,0,9.22,clear sky
188,Arnedo,ES,42.2167,-2.1,47.7,60,100,10.56,overcast clouds
189,Kirakira,SB,-10.4544,161.9205,85.03,68,91,8.25,overcast clouds
190,Banjar,ID,-8.19,114.9675,83.59,80,100,2.89,overcast clouds
191,Quatre Cocos,MU,-20.2078,57.7625,77.11,87,41,10.89,light rain
192,Berlevag,NO,70.8578,29.0864,40.8,94,100,15.28,overcast clouds
193,Ola,RU,59.5833,151.2833,26.15,68,100,1.1,overcast clouds
194,Poso,ID,-1.3959,120.7524,84.04,70,98,0.76,overcast clouds
195,Kungurtug,RU,50.5994,97.5228,39.67,61,3,1.99,clear sky
196,Nago,JP,26.5881,127.9761,74.25,60,13,1.83,few clouds
197,Leningradskiy,RU,69.3833,178.4167,19.4,89,95,5.35,overcast clouds
198,Khorinsk,RU,52.1657,109.7726,51.12,50,100,4.99,overcast clouds
199,Georgiyevka,KZ,43.0369,74.7114,48.24,93,73,2.24,mist
200,Santa Cruz,BO,-17.8,-63.1667,69.26,68,75,4.61,broken clouds
201,Provideniya,RU,64.3833,-173.3,32.36,86,100,25.01,snow
202,Rawson,AR,-43.3002,-65.1023,60.78,73,0,23.78,clear sky
203,Tiarei,PF,-17.5333,-149.3333,86.02,74,23,10.89,light rain
204,Butaritari,KI,3.0707,172.7902,81.93,72,29,12.71,scattered clouds
205,Parana,AR,-31.732,-60.5238,64.51,93,8,5.46,clear sky
206,Muli,MV,2.9167,73.5667,83.79,68,65,10.58,broken clouds
207,Mangan,IN,27.5167,88.5333,71.58,52,0,3.51,clear sky
208,Sinnamary,GF,5.3833,-52.95,77.29,87,54,9.55,broken clouds
209,Berdigestyakh,RU,62.0989,126.6992,29.41,77,100,13.35,overcast clouds
210,Tual,ID,-5.6667,132.75,83.88,73,100,7.63,overcast clouds
211,Castro,BR,-24.7911,-50.0119,51.62,97,4,4.61,clear sky
212,Peterhead,GB,57.5058,-1.7981,46.8,89,100,17.83,overcast clouds
213,Jiwani,PK,25.05,61.7417,81.07,82,0,11.21,clear sky
214,Worthington,US,40.0931,-83.018,45.86,50,0,10.36,clear sky
215,Puerto Ayora,EC,-0.7393,-90.3518,75.16,95,100,8.43,light rain
216,Samarai,PG,-10.6167,150.6667,81.97,80,100,10.58,overcast clouds
217,Hammerfest,NO,70.6634,23.6821,39.65,93,100,8.05,overcast clouds
218,Santiago Del Estero,AR,-27.7951,-64.2615,65.35,56,0,3.8,clear sky
219,Dunedin,NZ,-45.8742,170.5036,60.8,65,0,11.99,clear sky
220,Ponta Do Sol,PT,32.6667,-17.1,66.13,55,49,12.62,scattered clouds
221,Gladstone,AU,-23.85,151.25,78.73,44,0,8.05,clear sky
222,Madingou,CG,-4.1536,13.55,74.07,96,100,2.39,overcast clouds
223,Charters Towers,AU,-20.1,146.2667,81.12,44,0,11.1,clear sky
224,Maymyo,MM,22.0333,96.4667,75.18,54,3,2.28,clear sky
225,Atar,MR,20.5169,-13.0499,85.59,12,100,2.59,overcast clouds
226,Avera,US,33.194,-82.5271,70.56,71,100,3.24,overcast clouds
227,Puri,IN,19.8,85.85,81.12,86,98,13.31,overcast clouds
228,Wum,CM,6.3833,10.0667,67.71,90,100,3.47,overcast clouds
229,Bonaventure,CA,48.0457,-65.4926,39.78,75,100,11.5,overcast clouds
230,Camapua,BR,-19.5314,-54.0439,65.07,58,0,6.17,clear sky
231,Eenhana,NA,-17.4667,16.3333,67.24,82,25,5.17,scattered clouds
232,Soyo,AO,-6.1349,12.3689,78.17,93,100,6.8,overcast clouds
233,Cairns,AU,-16.9167,145.7667,87.06,73,100,9.22,overcast clouds
234,Preobrazheniye,RU,42.9019,133.9064,45.95,61,100,1.92,overcast clouds
235,Chuy,UY,-33.6971,-53.4616,62.04,81,100,6.58,overcast clouds
236,Victoria,HK,22.2855,114.1577,72.25,79,100,5.99,overcast clouds
237,Yenagoa,NG,4.9247,6.2642,76.39,93,100,3.18,light rain
238,Vostok,RU,46.4856,135.8833,37.87,52,97,9.19,overcast clouds
239,Tandur,IN,17.2333,77.5833,81.82,49,99,5.01,overcast clouds
240,Kurilsk,RU,45.2333,147.8833,42.17,57,100,7.47,overcast clouds
241,Zarubino,RU,42.63,131.0922,46.11,42,100,5.3,overcast clouds
242,Fomboni,KM,-12.28,43.7425,82.6,73,14,9.8,few clouds
243,Mkushi,ZM,-13.6202,29.3939,61.12,97,3,4.65,clear sky
244,Ponta Delgada,PT,37.7333,-25.6667,59.72,72,20,12.66,few clouds
245,Sari,IR,36.5633,53.0601,49.5,73,26,3.96,scattered clouds
246,Cape Canaveral,US,28.4058,-80.6048,79.02,82,0,9.22,clear sky
247,Marsa Matruh,EG,31.3525,27.2453,62.47,81,100,14.07,overcast clouds
248,Nedjo,ET,9.5046,35.5019,59.49,87,19,1.36,few clouds
249,Domoni,KM,-12.2569,44.5319,78.1,86,16,3.24,few clouds
250,Coahuayana,MX,18.7333,-103.6833,77.0,71,100,3.33,overcast clouds
251,Hami,CN,42.8,93.45,58.28,16,0,5.12,clear sky
252,Cherskiy,RU,68.75,161.3,14.85,81,100,4.05,overcast clouds
253,Ahipara,NZ,-35.1667,173.1667,69.96,89,100,12.68,overcast clouds
254,Gryazovets,RU,58.88,40.2525,29.08,89,99,2.64,overcast clouds
255,Brumado,BR,-14.2036,-41.6653,71.76,77,100,5.14,overcast clouds
256,Sampit,ID,-2.5333,112.95,83.08,71,100,2.95,overcast clouds
257,Broken Hill,AU,-31.95,141.4333,82.11,26,40,5.75,scattered clouds
258,Tukrah,LY,32.5341,20.5791,58.59,89,14,12.26,few clouds
259,Florence,IT,43.7667,11.25,51.48,53,0,12.66,clear sky
260,Carnarvon,AU,-24.8667,113.6333,69.87,78,96,13.8,overcast clouds
261,Kandrian,PG,-6.2167,149.55,86.99,65,100,5.03,overcast clouds
262,Road Town,VG,18.4167,-64.6167,78.89,78,20,16.11,few clouds
263,Buxar,IN,25.5833,83.9833,84.9,10,0,4.16,clear sky
264,Manati,PR,18.4275,-66.4921,78.71,84,100,9.75,overcast clouds
265,Mazagao,BR,-0.115,-51.2894,78.85,96,100,3.22,overcast clouds
266,Jimenez,MX,28.3333,-105.4,82.92,8,100,10.45,overcast clouds
267,Atambua,ID,-9.1061,124.8925,81.81,69,100,0.87,overcast clouds
268,Taoudenni,ML,22.6783,-3.9836,75.79,24,0,9.71,clear sky
269,Matadi,CD,-5.8167,13.45,77.4,96,100,2.75,overcast clouds
270,Catuday,PH,16.2923,119.8062,83.46,61,52,9.4,broken clouds
271,Haines Junction,CA,60.7522,-137.5108,35.55,30,100,3.44,overcast clouds
272,Dudinka,RU,69.4058,86.1778,4.62,96,100,8.95,overcast clouds
273,Grand Gaube,MU,-20.0064,57.6608,77.4,91,12,1.99,few clouds
274,Qaqortoq,GL,60.7167,-46.0333,26.55,88,56,2.93,broken clouds
275,Saint Anthony,US,45.0205,-93.218,35.85,92,100,9.22,light snow
276,Yining,CN,29.0361,114.5636,56.01,81,100,1.83,overcast clouds
277,The Valley,AI,18.217,-63.0578,78.82,78,71,24.29,broken clouds
278,Baghdad,IQ,33.3406,44.4009,60.71,29,75,6.91,broken clouds
279,Carnot,CF,4.9409,15.8665,71.11,88,100,1.97,light rain
280,Rusera,IN,25.75,86.0333,77.77,68,0,11.86,clear sky
281,Muisne,EC,0.6,-80.0333,75.07,85,85,6.6,overcast clouds
282,Altamira,BR,-3.2033,-52.2064,72.66,98,100,1.43,light rain
283,Eureka,US,40.8021,-124.1637,62.74,68,100,8.97,overcast clouds
284,Alyangula,AU,-13.8483,136.4192,87.67,62,40,6.91,scattered clouds
285,Lagoa,PT,39.05,-27.9833,56.97,66,70,16.73,broken clouds
286,Hauterive,FR,46.0901,3.4459,43.56,83,100,1.16,overcast clouds
287,Fortuna,US,40.5982,-124.1573,58.93,49,0,11.5,clear sky
288,Rio Grande,BR,-32.035,-52.0986,61.95,78,100,12.08,overcast clouds
289,Kita,ML,13.0349,-9.4895,87.67,24,95,4.38,overcast clouds
290,Alvorada,BR,-12.48,-49.1247,72.91,93,95,3.8,overcast clouds
291,Halvad,IN,23.0167,71.1833,75.54,77,5,9.24,clear sky
292,Upernavik,GL,72.7868,-56.1549,-3.05,89,100,13.13,overcast clouds
293,Mosnita Noua,RO,45.7172,21.3253,38.97,66,0,6.91,clear sky
294,Adre,TD,13.4667,22.2,82.15,32,63,6.69,broken clouds
295,Jiuquan,CN,39.7432,98.5174,47.41,25,0,3.87,clear sky
296,Palmas Bellas,PA,9.2319,-80.0867,82.26,84,96,5.77,overcast clouds
297,Marsh Harbour,BS,26.5412,-77.0636,76.37,80,58,12.39,broken clouds
298,Bouar,CF,5.934,15.596,66.22,87,84,1.07,light rain
299,Ugoofaaru,MV,5.6667,73.0,83.91,74,99,9.22,overcast clouds
300,Palaikastron,GR,35.2,26.25,58.23,85,15,17.16,few clouds
301,Nhulunbuy,AU,-12.2333,136.7667,79.41,89,75,6.91,moderate rain
302,Umm Lajj,SA,25.0213,37.2685,84.72,22,100,9.78,overcast clouds
303,Ossora,RU,59.2353,163.0719,30.16,76,16,0.67,few clouds
304,Narsaq,GL,60.9167,-46.05,34.02,90,47,2.42,scattered clouds
305,Krivodanovka,RU,55.0881,82.6551,39.29,80,0,7.0,clear sky
306,Batticaloa,LK,7.7102,81.6924,79.56,83,29,2.86,scattered clouds
307,Saint-Augustin,CA,51.226,-58.6502,34.95,99,100,14.2,light snow
308,Trogir,HR,43.5125,16.2517,50.05,29,0,27.63,clear sky
309,Itoman,JP,26.1247,127.6694,74.17,62,40,6.91,scattered clouds
310,Srednekolymsk,RU,67.45,153.6833,20.7,87,97,6.8,overcast clouds
311,Arlit,NE,18.7369,7.3853,75.78,15,100,6.06,overcast clouds
312,Ballina,AU,-28.8667,153.5667,75.38,74,100,9.22,overcast clouds
313,Meadow Lake,US,34.8014,-106.5436,75.79,9,0,12.73,clear sky
314,Zalantun,CN,48.0,122.7167,48.34,21,87,8.25,overcast clouds
315,Montepuez,MZ,-13.1256,38.9997,68.05,98,24,7.81,few clouds
316,Svarstad,NO,59.399,9.9698,41.38,80,100,0.76,overcast clouds
317,Copiapo,CL,-27.3667,-70.3333,55.09,68,0,1.25,clear sky
318,Naryan-Mar,RU,67.6713,53.087,32.22,98,100,8.41,overcast clouds
319,Kalininsk,RU,51.5,44.4758,50.11,82,100,4.88,overcast clouds
320,Grindavik,IS,63.8424,-22.4338,39.67,70,75,6.91,broken clouds
321,Asfi,MA,32.2994,-9.2372,63.86,80,100,9.8,overcast clouds
322,Jijiga,ET,9.35,42.8,64.49,62,54,3.62,broken clouds
323,Malavalli,IN,12.3833,77.0833,73.26,68,9,3.47,clear sky
324,Walvis Bay,NA,-22.9575,14.5053,64.06,65,6,5.17,clear sky
325,Carutapera,BR,-1.195,-46.02,76.14,91,100,2.44,overcast clouds
326,Grande-Synthe,FR,51.0154,2.2998,51.03,65,100,9.82,overcast clouds
327,Benemerito De Las Americas,MX,16.5167,-90.6439,78.85,60,22,1.63,few clouds
328,Zhigansk,RU,66.7697,123.3711,29.37,79,100,29.44,overcast clouds
329,Tazovskiy,RU,67.4667,78.7,9.05,95,100,10.56,overcast clouds
330,Cabedelo,BR,-6.9811,-34.8339,79.47,77,98,9.69,overcast clouds
331,Rabaul,PG,-4.1967,152.1721,83.48,71,36,3.69,scattered clouds
332,Turbat,PK,26.0023,63.044,80.56,49,0,3.49,clear sky
333,Santa Isabel,BR,-23.3156,-46.2214,62.31,92,99,2.62,overcast clouds
334,Kruisfontein,ZA,-34.0033,24.7314,59.88,85,100,4.99,light rain
335,Talnakh,RU,69.4865,88.3972,4.21,94,100,5.01,overcast clouds
336,Yerbogachen,RU,61.2767,108.0108,35.42,69,81,14.03,broken clouds
337,Sveio,NO,59.5419,5.3518,42.53,80,30,6.98,scattered clouds
338,Ust-Kishert,RU,57.3654,57.2495,31.48,94,99,7.9,overcast clouds
339,Suntar,RU,62.1444,117.6319,40.42,85,99,10.49,overcast clouds
340,Havoysund,NO,70.9963,24.6622,43.03,96,100,14.25,overcast clouds
341,Beyneu,KZ,45.3167,55.2,58.89,41,0,7.05,clear sky
342,Cockburn Town,TC,21.4612,-71.1419,77.99,85,67,22.88,broken clouds
343,Eirunepe,BR,-6.6603,-69.8736,73.51,99,100,2.44,light rain
344,Nador,MA,35.174,-2.9287,61.05,77,0,3.44,clear sky
345,Resistencia,AR,-27.4606,-58.9839,65.08,87,0,4.61,clear sky
346,Hasaki,JP,35.7333,140.8333,66.29,66,100,11.39,moderate rain
347,Turinsk,RU,58.0458,63.696,27.82,89,11,1.9,few clouds
348,Morgan City,US,29.6994,-91.2068,76.01,100,100,8.05,overcast clouds
349,Chegdomyn,RU,51.1167,133.0167,31.6,84,93,3.24,overcast clouds
350,Kedrovyy,RU,56.1667,91.8167,43.21,97,100,6.51,light rain
351,Guerrero Negro,MX,27.9769,-114.0611,63.01,71,75,18.9,broken clouds
352,Malmesbury,ZA,-33.4608,18.7271,58.78,68,81,6.64,broken clouds
353,Huarmey,PE,-10.0681,-78.1522,67.3,84,7,9.82,clear sky
354,Coihaique,CL,-45.5752,-72.0662,54.21,76,75,3.44,broken clouds
355,Gondanglegi,ID,-7.7479,112.0132,81.72,84,41,4.14,scattered clouds
356,Bethanien,NA,-26.502,17.1583,65.82,40,0,4.56,clear sky
357,Bucerias,MX,20.75,-105.3333,77.99,69,75,10.36,broken clouds
358,Rayachoti,IN,14.05,78.75,79.43,72,14,1.07,few clouds
359,Chifeng,CN,42.2683,118.9636,53.29,22,0,9.01,clear sky
360,Phalaborwa,ZA,-23.943,31.1411,62.67,89,100,5.3,light rain
361,Roma,US,43.2128,-75.4557,37.96,63,0,6.91,clear sky
362,Tahta,EG,26.7693,31.5021,85.35,12,100,8.97,overcast clouds
363,Richards Bay,ZA,-28.783,32.0377,63.43,94,100,4.18,light rain
364,Strezhevoy,RU,60.7333,77.5889,17.38,96,87,4.43,overcast clouds
365,Iqaluit,CA,63.7506,-68.5145,-6.07,71,20,10.36,few clouds
366,Combita,CO,5.6333,-73.3167,52.54,94,100,3.13,overcast clouds
367,Luderitz,NA,-26.6481,15.1594,68.27,47,0,10.2,clear sky
368,Patnagarh,IN,20.7167,83.15,83.43,34,5,2.64,clear sky
369,Muros,ES,42.7762,-9.0603,57.83,78,81,12.5,broken clouds
370,Westport,US,41.1415,-73.3579,45.75,45,0,5.75,clear sky
371,Morondava,MG,-20.2833,44.2833,80.1,80,0,3.09,clear sky
372,Kungur,RU,57.4368,56.9593,31.48,92,98,8.39,overcast clouds
373,Tucuman,AR,-26.8241,-65.2226,59.0,88,20,5.75,few clouds
374,Faya,SA,18.3851,42.4509,62.71,38,27,3.0,scattered clouds
375,Micco,US,27.8806,-80.5003,78.1,84,100,1.01,overcast clouds
376,Terrace Bay,CA,48.7834,-87.1,23.9,80,100,3.51,overcast clouds
377,Tautira,PF,-17.7333,-149.15,81.36,72,21,11.25,light rain
378,Soverato,IT,38.685,16.5499,51.15,90,100,4.25,overcast clouds
379,Burnie,AU,-41.0667,145.9167,60.1,73,100,7.81,moderate rain
380,Qorveh,IR,35.1664,47.8045,40.73,52,5,1.79,clear sky
381,Camacha,PT,33.0833,-16.3333,58.42,82,40,16.11,scattered clouds
382,Alappuzha,IN,9.49,76.3264,81.21,77,17,2.28,few clouds
383,Miramar,US,25.9873,-80.2323,79.02,79,0,10.36,clear sky
384,Taguatinga,BR,-12.3857,-46.5711,71.64,93,100,3.11,overcast clouds
385,La Reforma,MX,25.0833,-108.05,81.1,42,73,10.0,broken clouds
386,Dwarka,IN,22.2394,68.9678,79.32,76,21,11.12,few clouds
387,Tankhoy,RU,51.5528,105.1306,48.07,78,69,3.87,broken clouds
388,Porto Novo,BJ,6.4965,2.6036,78.62,90,100,5.14,moderate rain
389,Porto Seguro,BR,-16.4497,-39.0647,79.32,69,75,8.05,broken clouds
390,Moyale,KE,3.5167,39.0584,67.89,82,100,2.77,moderate rain
391,Leh,IN,34.1667,77.5833,35.37,45,0,2.3,clear sky
392,Inta,RU,66.0317,60.1659,27.77,94,100,15.46,overcast clouds
393,Udachnyy,RU,66.4167,112.4,23.97,94,100,24.34,light snow
394,Greenville,US,35.6127,-77.3663,57.36,65,0,11.5,clear sky
395,Conakry,GN,9.538,-13.6773,77.85,73,100,10.18,overcast clouds
396,Bandar-E Anzali,IR,37.4727,49.4622,48.31,69,0,4.38,clear sky
397,Dorobantu,RO,44.2167,26.95,43.03,67,100,13.82,overcast clouds
398,Massakory,TD,12.996,15.7293,87.35,26,71,7.87,broken clouds
399,Russell,US,32.3502,-85.1999,67.28,96,75,4.61,broken clouds
400,Bubaque,GW,11.2833,-15.8333,74.82,77,5,15.64,clear sky
401,Tiznit,MA,29.5833,-9.5,72.32,23,100,1.63,overcast clouds
402,Hithadhoo,MV,-0.6,73.0833,82.98,75,34,9.78,scattered clouds
403,Saint-Ambroise,CA,48.5501,-71.3324,34.34,79,57,11.45,broken clouds
404,San Cristobal,VE,7.7669,-72.225,69.98,96,100,3.15,overcast clouds
405,Vardo,NO,70.3705,31.1107,39.72,92,100,10.25,overcast clouds
406,Lethem,GY,3.3803,-59.7968,83.21,54,26,10.92,scattered clouds
407,Alice Springs,AU,-23.7,133.8833,80.15,34,2,10.36,clear sky
408,Mango,US,27.9797,-82.3065,79.05,74,40,4.61,scattered clouds
409,Nautla,MX,20.2167,-96.7833,78.51,86,7,12.84,clear sky
410,Sabha,LY,27.0377,14.4283,62.87,39,4,6.04,clear sky
411,Balurghat,IN,25.2167,88.7667,77.49,82,0,11.81,clear sky
412,Ust-Tsilma,RU,65.441,52.1498,32.0,98,100,4.09,overcast clouds
413,Stow,US,41.1595,-81.4404,37.8,61,0,4.61,clear sky
414,Venado Tuerto,AR,-33.7456,-61.9688,60.76,66,0,7.49,clear sky
415,Broome,US,42.2506,-75.833,35.65,62,0,3.0,clear sky
416,Bairiki,KI,1.3292,172.9752,86.0,70,40,10.36,scattered clouds
417,Gay,RU,51.4666,58.4552,36.12,64,96,1.92,overcast clouds
418,San Joaquin,US,37.9333,-121.3011,74.34,28,0,10.36,clear sky
419,Coatepec Harinas,MX,18.8949,-99.7215,68.92,34,100,4.38,overcast clouds
420,Tambacounda,SN,13.7539,-13.7586,91.45,21,0,6.91,clear sky
421,Ankara,TR,39.9199,32.8543,58.39,52,40,3.44,scattered clouds
422,Lincoln,US,40.8,-96.667,43.18,74,0,11.5,clear sky
423,Mokhotlong,LS,-29.2894,29.0675,44.89,91,100,3.4,overcast clouds
424,Daugavpils,LV,55.8833,26.5333,30.67,78,16,4.85,few clouds
425,Banda Aceh,ID,5.5577,95.3222,81.28,77,98,6.04,overcast clouds
426,Talcahuano,CL,-36.7167,-73.1167,51.48,93,40,4.61,scattered clouds
427,Zruc Nad Sazavou,CZ,49.7401,15.1061,35.28,86,35,2.21,scattered clouds
428,Banfora,BF,10.6333,-4.7667,83.21,45,99,3.8,overcast clouds
429,Kushiro,JP,42.975,144.3747,49.15,71,40,11.5,scattered clouds
430,Middletown,US,39.5151,-84.3983,46.89,55,0,8.05,clear sky
431,Portobelo,PA,9.55,-79.65,80.96,84,89,6.51,overcast clouds
432,Vallenar,CL,-28.5708,-70.7581,64.22,59,0,1.97,clear sky
433,Bonthe,SL,7.5264,-12.505,78.03,81,100,5.08,overcast clouds
434,Adrar,MR,20.5022,-10.0711,75.97,14,55,12.53,broken clouds
435,Boa Vista,BR,2.8197,-60.6733,84.18,58,40,8.05,scattered clouds
436,Albanel,CA,48.8832,-72.4487,32.14,74,8,13.8,clear sky
437,Kahului,US,20.8947,-156.47,82.42,67,20,26.46,few clouds
438,Boshnyakovo,RU,49.6333,142.1667,30.52,88,99,6.22,overcast clouds
439,Galesong,ID,-5.3166,119.3661,82.42,78,56,5.77,light rain
440,Okha,RU,53.5739,142.9478,30.87,69,19,4.65,few clouds
441,Nettuno,IT,41.4826,12.679,51.19,66,70,5.93,broken clouds
442,Thinadhoo,MV,0.5333,72.9333,83.43,70,100,9.55,overcast clouds
443,Karratha,AU,-20.7377,116.8463,87.3,33,6,23.29,clear sky
444,Cheyenne,US,41.14,-104.8203,48.34,31,0,28.77,clear sky
445,Marfino,RU,55.7028,37.3822,35.85,43,0,6.71,clear sky
446,Mount Isa,AU,-20.7333,139.5,89.37,18,0,5.75,clear sky
447,San Jose,US,37.3394,-121.895,65.08,56,20,16.11,few clouds
448,Kudahuvadhoo,MV,2.6708,72.8944,83.91,65,19,10.98,few clouds
449,La Rochelle,FR,46.1667,-1.15,53.87,100,100,12.66,overcast clouds
450,Chimoio,MZ,-19.1164,33.4833,64.11,93,95,4.92,overcast clouds
451,Yermakovskoye,RU,53.2831,92.4003,52.9,61,100,2.3,overcast clouds
452,Torbay,CA,47.6666,-52.7314,52.57,97,100,19.57,overcast clouds
453,Imeni Poliny Osipenko,RU,52.4201,136.4853,31.35,88,73,4.52,broken clouds
454,Mubi,NG,10.2676,13.2644,82.8,50,100,3.04,overcast clouds
455,Houma,US,29.5958,-90.7195,77.0,85,0,6.91,clear sky
456,Opuwo,NA,-18.0607,13.84,70.02,38,50,3.8,scattered clouds
457,Alofi,NU,-19.0595,-169.9187,85.89,70,100,11.5,overcast clouds
458,Yuryevets,RU,57.3201,43.1041,27.39,91,9,5.01,clear sky
459,Klaksvik,FO,62.2266,-6.589,50.92,97,100,15.39,light rain
460,Barcelona,ES,41.3888,2.159,61.72,66,0,6.91,clear sky
461,Nagato,JP,34.3833,131.2,60.21,38,100,1.16,overcast clouds
462,Flin Flon,CA,54.7682,-101.865,28.63,81,100,1.95,overcast clouds
463,Sao Filipe,CV,14.8961,-24.4956,71.08,79,27,6.96,scattered clouds
464,Gat,IL,31.61,34.7642,88.79,15,28,20.83,scattered clouds
465,Ust-Kuyga,RU,70.0167,135.6,18.59,84,6,6.13,clear sky
466,Chumikan,RU,54.7183,135.315,31.28,82,7,11.1,clear sky
467,Pangnirtung,CA,66.1451,-65.7125,-6.12,100,100,5.17,overcast clouds
468,Abu Samrah,SY,35.3029,37.1841,71.56,16,100,16.58,overcast clouds
469,Diosig,RO,47.3,22.0,37.76,71,68,7.43,broken clouds
470,Kovdor,RU,67.5662,30.4758,34.74,99,100,2.68,light snow
471,Glendive,US,47.1053,-104.7125,36.48,63,0,12.66,clear sky
472,Kentau,KZ,43.5206,68.5094,66.36,42,100,2.3,overcast clouds
473,Black River,JM,18.0264,-77.8487,77.16,79,0,3.09,clear sky
474,Mount Gambier,AU,-37.8333,140.7667,57.11,88,100,11.5,overcast clouds
475,Hay River,CA,60.8156,-115.7999,19.38,38,20,3.44,few clouds
476,Jacmel,HT,18.2342,-72.5347,76.32,80,100,6.58,overcast clouds
477,Arnstadt,DE,50.8333,10.95,41.34,68,0,8.05,clear sky
478,Tuatapere,NZ,-46.1333,167.6833,61.48,57,51,2.48,broken clouds
479,Am Timan,TD,11.0297,20.2827,87.64,40,85,8.77,overcast clouds
480,Rabak,SD,13.1809,32.74,92.32,30,100,5.68,overcast clouds
481,Mogadishu,SO,2.0371,45.3438,82.42,82,99,11.59,overcast clouds
482,Baijiantan,CN,45.6333,85.1833,60.01,14,2,7.23,clear sky
483,Smithers,CA,54.7804,-127.1743,48.52,18,40,3.44,scattered clouds
484,Zhuhai,CN,22.2769,113.5678,71.38,83,40,11.5,scattered clouds
485,Pontal Do Parana,BR,-25.6533,-48.5128,65.37,85,96,1.63,overcast clouds
486,Kostomuksha,RU,64.571,30.5767,34.39,98,100,2.17,overcast clouds
487,Pontianak,ID,-0.0333,109.3333,76.98,94,20,0.0,few clouds
488,Necochea,AR,-38.5473,-58.7368,58.93,83,100,9.82,overcast clouds
489,Oksfjord,NO,70.2396,22.3479,42.01,97,100,8.95,overcast clouds
490,Sept-Iles,CA,50.2001,-66.3821,41.52,61,75,16.11,broken clouds
491,Tarauaca,BR,-8.1614,-70.7656,72.84,99,99,2.68,overcast clouds
492,Tahoua,NE,14.8888,5.2692,78.91,11,100,9.91,overcast clouds
493,Mehamn,NO,71.0357,27.8492,39.78,96,100,13.44,overcast clouds
494,Malanje,AO,-9.5402,16.341,64.72,96,100,1.86,overcast clouds
495,Morros,BR,-9.4467,-46.3003,73.26,81,98,1.07,overcast clouds
496,Harper,LR,4.375,-7.7169,77.65,87,100,0.83,light rain
497,Kuruman,ZA,-27.4524,23.4325,56.19,75,20,7.9,few clouds
498,Chengde,CN,40.9725,117.9361,58.95,27,0,2.71,clear sky
499,Mahon,ES,39.8885,4.2658,50.56,93,0,5.75,clear sky
500,Emiliano Zapata,MX,18.8333,-99.1833,91.67,20,90,2.71,overcast clouds
501,Socorro,US,31.6546,-106.3033,86.18,4,20,5.75,few clouds
502,Anadyr,RU,64.75,177.4833,32.5,86,40,17.9,light shower snow
503,Amahai,ID,-3.3333,128.9167,85.66,65,100,2.37,overcast clouds
504,Jiangyou,CN,31.7667,104.7167,58.39,71,100,0.29,overcast clouds
505,San Quintin,MX,30.4833,-115.95,63.01,73,1,19.22,clear sky
506,Polunochnoye,RU,60.8697,60.4153,16.41,95,70,3.27,broken clouds
507,Koluszki,PL,51.7387,19.8199,36.97,68,99,5.59,overcast clouds
508,Jalalpur Jattan,PK,32.6374,74.2183,75.07,57,40,0.0,smoke
509,Tutoia,BR,-2.7619,-42.2744,77.67,90,100,6.35,overcast clouds
510,Mandan,US,46.8267,-100.8896,24.78,80,20,23.02,few clouds
511,Kot Samaba,PK,28.5522,70.4684,83.57,33,98,12.62,overcast clouds
512,Kangaatsiaq,GL,68.3065,-53.4641,7.57,94,100,4.9,overcast clouds
513,Pozoblanco,ES,38.3791,-4.8483,57.49,61,100,1.7,overcast clouds
514,Abbeville,FR,50.1,1.8333,49.5,72,100,8.46,overcast clouds
515,Zhicheng,CN,30.2956,111.5047,61.52,67,83,1.95,broken clouds
516,Manggar,ID,-2.8833,108.2667,84.15,71,12,0.81,few clouds
517,Sanford,US,28.8006,-81.2731,76.1,86,100,11.5,thunderstorm with rain
518,Noshiro,JP,40.2039,140.0242,54.43,40,100,8.5,overcast clouds
519,Bongaree,AU,-27.0797,153.1586,78.15,71,36,8.12,scattered clouds
520,Bonavista,CA,48.6499,-53.1147,38.66,99,100,16.53,overcast clouds
521,Buchanan,LR,5.8808,-10.0467,78.78,84,100,4.03,overcast clouds
522,Alpinopolis,BR,-20.8636,-46.3881,62.28,79,56,4.68,broken clouds
523,Zhaotong,CN,27.3167,103.7167,38.07,97,100,4.65,overcast clouds
524,Iwaki,JP,37.05,140.8833,66.78,65,94,7.0,overcast clouds
525,Flinders,AU,-34.5833,150.8552,78.19,60,100,7.0,overcast clouds
526,Markapur,IN,15.7333,79.2833,81.39,81,93,3.27,overcast clouds
527,Ereymentau,KZ,51.6199,73.1033,49.87,55,100,15.95,overcast clouds
528,Parakou,BJ,9.3372,2.6303,80.6,66,100,9.53,overcast clouds
529,Kuala Selangor,MY,3.35,101.25,82.6,83,100,3.38,overcast clouds
530,Rahuri,IN,19.3833,74.65,79.03,37,1,4.97,clear sky
531,Ko Samui,TH,9.5357,99.9357,87.71,74,40,5.75,scattered clouds
532,Stepnyak,KZ,52.8339,70.7803,43.63,59,100,9.86,overcast clouds
533,Mezen,RU,65.8522,44.24,31.5,98,100,8.28,light snow
534,Jetalsar,IN,21.7,70.5833,75.61,74,0,5.77,clear sky
535,Florianopolis,BR,-27.6146,-48.5012,67.41,81,20,4.61,few clouds
536,Pacific Grove,US,36.6177,-121.9166,64.54,70,0,9.22,clear sky
537,Antequera,ES,37.0194,-4.5612,61.45,61,80,3.33,broken clouds
538,Gao,ML,16.6362,1.637,75.56,16,97,9.13,overcast clouds
539,Chimbote,PE,-9.0853,-78.5783,65.75,88,13,9.57,few clouds
540,Mitu,CO,1.1983,-70.1733,73.44,97,93,1.05,overcast clouds
541,Acapulco,MX,16.8634,-99.8901,80.42,74,0,8.05,clear sky
542,Safford,US,32.834,-109.7076,82.11,7,0,5.64,clear sky
543,Bosaso,SO,11.2842,49.1816,84.04,57,0,5.97,clear sky
544,Kwinana,AU,-32.25,115.7667,65.17,58,0,4.0,clear sky
545,La Ronge,CA,55.1001,-105.2842,34.05,47,40,4.61,scattered clouds
546,Havelock,US,34.8791,-76.9013,57.97,66,100,18.41,overcast clouds
547,Christchurch,NZ,-43.5333,172.6333,64.42,62,40,19.57,scattered clouds
548,Oskaloosa,US,41.2964,-92.6444,34.12,100,100,0.0,light intensity drizzle
549,Morag,PL,53.9171,19.926,31.71,78,52,5.3,broken clouds
550,Boende,CD,-0.2167,20.8667,72.84,93,100,2.19,overcast clouds
551,Harer,ET,9.3094,42.1258,60.4,52,10,1.54,clear sky
552,Bernay,FR,49.1667,0.6667,48.09,79,0,5.99,clear sky
553,College,US,64.8569,-147.8028,41.09,26,0,6.91,clear sky
554,Cheney,US,47.4874,-117.5758,47.12,38,75,8.05,broken clouds
555,Povenets,RU,62.8487,34.8262,34.27,99,100,3.27,overcast clouds
556,Maceio,BR,-9.6658,-35.7353,78.24,88,40,3.44,scattered clouds
557,Poum,NC,-20.2333,164.0167,75.83,75,100,1.36,overcast clouds
558,Touros,BR,-5.1989,-35.4608,79.43,81,98,8.97,overcast clouds
559,Margate,GB,51.3813,1.3862,51.69,70,71,10.6,broken clouds
560,Ariquemes,BR,-9.9133,-63.0408,72.72,98,100,3.11,overcast clouds
561,Ostrovnoy,RU,68.0531,39.5131,33.15,92,100,8.34,overcast clouds
562,Bandarbeyla,SO,9.4942,50.8122,80.37,82,16,8.55,few clouds
563,Honningsvag,NO,70.9821,25.9704,42.55,81,100,6.91,overcast clouds
564,Yeniseysk,RU,58.4497,92.1703,34.57,77,95,9.95,overcast clouds
565,Cayenne,GF,4.9333,-52.3333,81.09,1,0,5.01,clear sky
566,Mlawa,PL,53.1128,20.3841,32.29,76,14,7.56,few clouds
567,Ushumun,RU,52.7833,126.5333,39.87,34,100,11.21,overcast clouds
568,Saint-Pierre,RE,-21.3393,55.4781,74.88,86,75,3.44,broken clouds
569,Baryshivka,UA,50.361,31.3217,34.95,84,100,7.87,overcast clouds
570,Yakeshi,CN,49.2833,120.7333,46.49,30,97,16.93,overcast clouds
571,Gold Coast,AU,-28.0,153.4333,79.25,59,75,9.22,broken clouds
572,Vawkavysk,BY,53.1561,24.4513,30.81,78,10,6.71,clear sky
573,Yar-Sale,RU,66.8333,70.8333,13.37,85,100,8.37,overcast clouds
574,Kalianget,ID,-7.05,113.9333,83.8,74,100,3.69,light rain
575,Belmonte,BR,-15.8631,-38.8828,77.05,77,100,13.42,overcast clouds
576,Hille,DE,52.3333,8.75,44.94,68,5,6.02,clear sky
577,Scarborough,GB,54.2797,-0.4044,49.91,72,100,1.99,overcast clouds
578,Nueve De Julio,AR,-35.4444,-60.8831,59.22,66,98,8.08,overcast clouds
579,Curico,CL,-34.9833,-71.2333,55.51,76,5,2.3,clear sky
580,Codrington,AU,-38.2667,141.9667,59.09,81,100,11.61,overcast clouds
581,Bilibino,RU,68.0546,166.4372,23.4,81,99,1.43,overcast clouds
582,San Ramon,US,37.7799,-121.978,64.94,55,0,13.8,clear sky
583,Sobolevo,RU,54.4299,31.8996,31.68,94,100,12.3,snow
584,Vanimo,PG,-2.6741,141.3028,85.3,69,62,2.95,broken clouds
585,Bakchar,RU,57.0186,82.0711,35.47,73,24,2.33,few clouds
586,Yumen,CN,40.2833,97.2,46.45,24,0,6.93,clear sky
587,Morant Bay,JM,17.8815,-76.4093,82.02,82,7,6.17,clear sky
588,Srimushnam,IN,11.4,79.4167,82.65,67,51,3.29,broken clouds
589,Port Moresby,PG,-9.4431,147.1797,90.82,55,40,9.22,haze
590,Fukue,JP,32.6881,128.8419,62.96,39,0,3.44,clear sky
591,Kutum,SD,14.2,24.6667,76.87,15,47,1.45,scattered clouds
592,Svetlaya,RU,46.5389,138.3297,44.17,49,12,5.61,few clouds
593,Ucluelet,CA,48.9329,-125.5528,49.08,75,100,3.0,overcast clouds
594,Brae,GB,60.3964,-1.353,45.88,82,100,21.07,overcast clouds
595,Bom Jesus,BR,-9.0744,-44.3586,72.75,93,100,0.85,overcast clouds
596,Sorland,NO,67.667,12.6934,42.58,87,100,19.66,overcast clouds
597,Puerto Leguizamo,CO,-0.1934,-74.7819,72.9,97,100,1.12,overcast clouds
598,Sinazongwe,ZM,-17.2614,27.4618,72.48,81,10,7.54,clear sky
599,Hobyo,SO,5.3505,48.5268,82.54,80,100,15.43,light rain
600,Mawlaik,MM,23.6333,94.4167,80.58,42,1,2.28,clear sky
601,Caraquet,CA,47.7941,-64.9386,37.94,84,100,14.09,overcast clouds
602,Geraldton,AU,-28.7667,114.6,68.41,49,0,14.97,clear sky
603,Yulara,AU,-25.2406,130.9889,75.04,31,100,5.75,overcast clouds
604,Athabasca,CA,54.7169,-113.2854,37.94,41,97,1.21,overcast clouds
605,Jackson,US,42.4165,-122.8345,60.75,46,0,4.61,clear sky
606,Nome,US,64.5011,-165.4064,32.11,86,100,17.27,overcast clouds
607,Ciudad Bolivar,VE,8.1222,-63.5497,85.75,51,27,15.14,scattered clouds
608,Clyde River,CA,70.4692,-68.5914,-12.77,77,100,6.91,light snow
609,Isangel,VU,-19.55,169.2667,82.18,73,100,2.35,overcast clouds
610,Wuzhou,CN,23.4833,111.3167,58.12,93,100,3.29,overcast clouds
611,Minas,UY,-34.3759,-55.2377,59.27,86,100,9.01,overcast clouds
612,Tompa,HU,46.2061,19.5391,34.83,67,3,8.57,clear sky
613,Cururupu,BR,-1.8283,-44.8683,75.06,95,100,0.92,overcast clouds
614,Granville,AU,-33.8333,151.0167,76.77,61,0,8.05,clear sky
615,Qui Nhon,VN,13.7667,109.2333,77.76,80,23,7.78,few clouds
616,Honggang,CN,46.4667,124.8667,50.25,19,15,8.61,few clouds
617,Campos,BR,-21.75,-41.3,66.18,83,20,7.36,few clouds
618,Launceston,AU,-41.45,147.1667,62.24,86,75,5.75,broken clouds
619,Salinopolis,BR,-0.6136,-47.3561,78.04,86,100,3.04,moderate rain
620,Puerto Madero,MX,14.7208,-92.4215,84.4,74,40,5.75,scattered clouds
621,Goderich,CA,43.7501,-81.7165,34.92,69,5,6.91,clear sky
622,Abong Mbang,CM,3.9833,13.1833,69.62,97,100,2.44,overcast clouds
623,Vung Tau,VN,10.346,107.0843,83.52,72,60,20.94,broken clouds
624,Jaicos,BR,-7.3592,-41.1378,72.12,92,100,0.47,overcast clouds
625,Los Llanos De Aridane,ES,28.6585,-17.9182,71.35,38,100,10.36,overcast clouds
626,Ishim,RU,56.1128,69.4902,33.46,84,66,4.92,broken clouds
627,Rock Springs,US,41.5875,-109.2029,47.05,32,40,18.41,scattered clouds
628,Nelson Bay,AU,-32.7167,152.15,77.09,66,9,4.16,clear sky
629,Hurricane,US,37.1753,-113.2899,82.74,11,0,5.03,clear sky
630,Bundaberg,AU,-24.85,152.35,79.09,53,40,11.5,scattered clouds
631,Kaliua,TZ,-5.0606,31.7936,64.15,95,38,3.18,scattered clouds
632,General Roca,AR,-39.0333,-67.5833,64.62,43,100,10.65,overcast clouds
633,Monrovia,LR,6.3005,-10.7969,78.46,83,100,1.43,overcast clouds
634,Novobirilyussy,RU,56.9514,90.6661,40.03,82,28,8.72,scattered clouds
635,Shache,CN,38.4167,77.2406,56.71,19,4,5.5,clear sky
636,Enid,US,36.3956,-97.8784,59.16,54,0,10.36,clear sky
637,Wuxue,CN,29.8506,115.5525,58.12,74,100,7.92,overcast clouds
638,San Policarpo,PH,12.1791,125.5072,83.1,66,98,10.42,overcast clouds
639,Edd,ER,13.9297,41.6925,83.23,59,0,5.73,clear sky
640,Jumla,NP,29.2747,82.1838,52.9,50,98,3.85,overcast clouds
641,Lima,PE,-12.0432,-77.0282,61.39,30,0,6.91,clear sky
642,Limbang,MY,4.75,115.0,86.11,69,65,1.39,light rain
643,Olga,RU,43.7444,135.2892,50.41,34,100,5.84,overcast clouds
644,Staryy Nadym,RU,65.6118,72.6842,14.41,90,96,10.09,overcast clouds
645,Lakes Entrance,AU,-37.8811,147.981,64.17,79,100,5.32,overcast clouds
646,Paamiut,GL,61.994,-49.6678,25.48,85,95,0.94,overcast clouds
647,Basco,PH,20.4487,121.9702,77.07,71,94,15.39,overcast clouds
648,Shaowu,CN,27.3409,117.4831,55.8,96,100,3.29,overcast clouds
649,Nantong,CN,32.0303,120.8747,57.94,53,100,4.54,overcast clouds
650,La Romana,DO,18.4273,-68.9728,77.36,83,75,5.75,broken clouds
651,Katastarion,GR,37.8333,20.7667,51.69,78,100,7.99,overcast clouds
652,Sioux Lookout,CA,50.1001,-91.917,24.87,86,100,4.61,overcast clouds
653,Mineral Wells,US,32.8085,-98.1128,72.27,48,0,8.79,clear sky
654,Labuhan,ID,-6.8844,112.2051,83.5,78,64,3.56,broken clouds
655,Sandpoint,US,48.2766,-116.5533,45.86,66,40,4.61,scattered clouds
656,Yeppoon,AU,-23.1333,150.7333,80.38,63,16,11.99,few clouds
657,Blagoyevo,RU,63.3667,47.9167,32.85,99,100,3.51,light snow
658,Roald,NO,62.5833,6.1333,46.76,87,20,3.44,few clouds
659,Svetlogorsk,BY,52.6333,29.7333,33.85,92,100,9.31,overcast clouds
660,Olinda,BR,-8.0089,-34.8553,83.93,70,40,8.05,scattered clouds
661,Khani,GE,41.9563,42.9566,58.57,60,100,9.28,overcast clouds
662,Matamoros,MX,25.5333,-103.25,95.11,7,40,3.44,scattered clouds
663,Bristol,US,41.8334,-71.1662,43.83,64,0,3.44,clear sky
664,Huancabamba,PE,-5.2386,-79.4506,59.22,97,71,1.99,broken clouds
665,Thabazimbi,ZA,-24.5917,27.4116,61.21,96,100,1.97,light rain
666,Ancud,CL,-41.8697,-73.8203,56.23,88,77,5.88,broken clouds
667,Thunder Bay,CA,48.4001,-89.3168,29.28,80,100,12.66,overcast clouds
668,Auki,SB,-8.7676,160.7034,84.92,66,86,4.03,overcast clouds
669,Kodinsk,RU,58.6881,99.1844,39.99,79,100,13.44,overcast clouds
670,Makariv,UA,50.4641,29.8113,31.41,88,89,8.37,overcast clouds
671,Peachland,CA,49.7665,-119.7357,56.32,22,100,7.54,overcast clouds
672,Mana,GF,5.6592,-53.7767,76.91,89,34,8.99,scattered clouds
673,Huilong,CN,31.8111,121.655,57.27,62,100,4.79,overcast clouds
674,Amapa,BR,1.0,-52.0,72.5,99,100,2.01,overcast clouds
675,San Carlos De Bariloche,AR,-41.1456,-71.3082,55.15,58,75,4.61,broken clouds
676,Belyy Yar,RU,53.6039,91.3903,53.49,52,0,6.71,clear sky
677,Sinjai,ID,-5.1241,120.253,81.23,82,100,2.13,overcast clouds
678,Kenai,US,60.5544,-151.2583,46.02,53,100,8.05,overcast clouds
679,Governador Valadares,BR,-18.8511,-41.9494,69.91,84,17,3.49,few clouds
680,Querecotillo,PE,-4.8378,-80.6456,76.15,57,44,13.71,scattered clouds
681,Kulunda,RU,52.566,78.9385,50.68,63,100,10.4,overcast clouds
682,Canmore,CA,51.0834,-115.3521,37.51,25,99,3.44,overcast clouds
683,Saint-Francois,FR,46.4154,3.9054,42.42,85,0,0.0,clear sky
684,Belfast,GB,54.5833,-5.9333,48.38,87,75,10.36,broken clouds
685,Vestmannaeyjar,IS,63.4427,-20.2734,42.44,70,9,4.16,clear sky
686,Bafang,CM,5.1563,10.1788,64.58,98,100,0.92,light rain
687,Tongchuan,CN,35.0806,109.0897,53.04,38,95,16.33,overcast clouds
688,Dosso,NE,13.049,3.1937,86.04,10,100,7.54,overcast clouds
689,Boissevain,CA,49.2306,-100.0559,21.63,95,100,10.09,light snow
690,Marawi,PH,7.9986,124.2928,77.36,76,100,2.53,overcast clouds
691,Biak,ID,-0.9131,122.8766,82.27,67,100,1.97,overcast clouds
692,Beidao,CN,34.5686,105.8933,50.63,37,100,3.58,overcast clouds
693,Wanning,CN,18.8003,110.3967,78.84,82,29,6.8,scattered clouds
694,Egvekinot,RU,66.3167,-179.1667,25.77,95,100,12.21,snow
695,Awash,ET,8.9833,40.1667,74.68,56,26,5.64,scattered clouds
696,Slave Lake,CA,55.2834,-114.769,35.58,51,0,3.44,clear sky
697,Tyrma,RU,50.0833,132.1667,37.6,62,4,3.62,clear sky
698,Petatlan,MX,17.5167,-101.2667,84.0,65,100,3.06,overcast clouds
699,Bay City,US,43.5945,-83.8889,35.98,75,0,11.5,clear sky
700,Maarianhamina,AX,60.0973,19.9348,33.66,93,0,5.75,clear sky
701,Karlstad,SE,59.3793,13.5036,30.76,100,100,4.61,overcast clouds
702,Sao Felix Do Xingu,BR,-6.6447,-51.995,72.82,98,100,0.38,overcast clouds
703,Pestovo,RU,58.5938,35.8024,29.77,95,100,1.86,overcast clouds
